AM,MA,MG,CE,RS,PE,DF,PR,SP
73.88237530637784,77.52511239363629,72.81180932693646,71.6920486656065,70.77786433866184,72.45153126067375,73.48737877725178,75.69081832441609,73.86843940994376
25.05817493857194,20.79970209172686,26.60364151925544,28.027396754587997,26.845190131167602,26.06933566600208,25.317196168899912,21.785451971910717,21.86343730347232
1.0594497550502149,1.6751855146368466,0.5825406799214843,0.280468060095437,2.376945530170554,1.479133073324172,1.195425053848305,2.5237297036731956,4.2681194705124526
