vacina_nome,AM,MA,MG,CE,RS,PE,DF,PR,SP
Covid-19-AstraZeneca,0.6311543800915785,4.98695454492463,3.1147745379116185,6.418468832417544,3.4012214549669,3.8984575890287116,3.9195052137844746,2.673051712827202,
Covid-19-Coronavac-Sinovac/Butantan,31.083916791412364,28.762395513948963,35.482132450346526,39.66438944194107,35.042211376209195,35.0670993548057,32.61804028077048,31.750954744690414,41.59661496928492
Vacina Covid-19 - Covishield,53.299733659834445,53.206220781794656,45.792964953896316,40.460700319160985,45.71255867481393,46.3417355001855,40.45843348532755,45.796489047140454,43.19290787811219
Vacina covid-19 - Ad26.COV2.S - Janssen-Cilag,1.3908169973667517,2.3849983095701646,2.794405935511952,1.481420973249085,2.911129051983888,2.766429427342081,1.844815230001111,3.4299560080501115,2.670827841380266
Vacina covid-19 - BNT162b2 - BioNTech/Fosun Pharma/Pfizer,13.594378171294855,10.659430849761591,12.815722122333586,11.975020433231315,12.932879442026083,11.926278128638012,21.15920579011639,16.348814880567712,12.539649311222622
Pendente Identificação,,,,,,,,0.0007336067241058501,
