am,ma,mg,ce,rs,pe,df,pr,sp
0.7441004156877655,5.419547548762824,3.3630178142267804,2.8676957897778697,3.3389527321847114,4.153998832341751,4.044516551307075,2.4759657717526156,
36.42411944644093,32.645487021822326,47.62771136169742,49.907539269854404,43.56830712544678,45.38027829188279,42.542723560152695,38.2557304521584,40.58845348361532
52.54251675611052,52.13102235012938,41.18251865955494,39.08311602466158,41.32139907651053,41.40748492767668,41.18022599449144,45.094943208134126,45.5365053028129
1.059398925047094,1.6751855146368466,0.5824886469192404,0.280468060095437,2.425119448447421,1.479133073324172,1.195425053848305,2.5131224911148857,4.268115654440991
9.229864456713678,8.128757564648623,7.2442635176016195,7.8611808556107166,9.346221617410553,7.57910487477461,11.037108840200487,11.617447259412602,9.606925559130792
,,,,,,,0.042790817427366956,
